,model,fold,loss_test,acc_test,f1_test,cfg
0,svc,1,0.17604562737642582,0.8239543726235742,0.8226207266632752,"{'C': 100, 'gamma': 0.01, 'kernel': 'rbf'}"
1,svc,2,0.16615969581749046,0.8338403041825095,0.8331647721661324,"{'C': 100, 'gamma': 0.01, 'kernel': 'rbf'}"
2,svc,3,0.17421072651198177,0.8257892734880182,0.8252078404317935,"{'C': 100, 'gamma': 0.01, 'kernel': 'rbf'}"
3,svc,4,0.16546215290985167,0.8345378470901483,0.8340828369682128,"{'C': 100, 'gamma': 0.01, 'kernel': 'rbf'}"
4,svc,5,0.17192848992012177,0.8280715100798782,0.8280272525941453,"{'C': 100, 'gamma': 0.01, 'kernel': 'rbf'}"
