,mean_fit_time,std_fit_time,mean_score_time,std_score_time,param_C,param_gamma,param_kernel,params,split0_test_score,split1_test_score,split2_test_score,split3_test_score,split4_test_score,mean_test_score,std_test_score,rank_test_score,split0_train_score,split1_train_score,split2_train_score,split3_train_score,split4_train_score,mean_train_score,std_train_score
0,79.98135108947754,20.407745211749482,59.639972400665286,12.103091936647552,100,0.01,rbf,"{'C': 100, 'gamma': 0.01, 'kernel': 'rbf'}",0.9611228576961116,0.9623649054043367,0.9578891455209102,0.9625376843570377,0.9581763215966748,0.9604181829150141,0.0020100026702336176,1,0.999961180122761,1.0,1.0,0.999961180122761,0.9999223602484472,0.9999689440987938,2.905013514685049e-05
0,79.64831352233887,20.460688972193882,58.68708615303039,11.707480438971015,100,0.01,rbf,"{'C': 100, 'gamma': 0.01, 'kernel': 'rbf'}",0.9608669238358457,0.9583859482262986,0.9613478663804189,0.9599303457175842,0.9607576403945355,0.9602577449109366,0.0010411697590433327,1,0.999961180122761,1.0,1.0,1.0,0.999961180122761,0.9999844720491045,1.9017778222592523e-05
0,79.77700724601746,20.82724495627187,59.498832845687865,12.236085602295294,100,0.01,rbf,"{'C': 100, 'gamma': 0.01, 'kernel': 'rbf'}",0.956331991937052,0.9631693660080435,0.9618766222575073,0.9598217638086747,0.9646603470819739,0.9611720182186503,0.00289493850298361,1,1.0,1.0,1.0,1.0,1.0,1.0,0.0
0,78.44199886322022,20.79819939990929,58.698003149032594,11.876852176113662,100,0.01,rbf,"{'C': 100, 'gamma': 0.01, 'kernel': 'rbf'}",0.9618063093774255,0.9602965445288966,0.9625435485695314,0.965364613948973,0.9599592260823997,0.9619940485014453,0.0019349382291665661,1,0.999961180122761,1.0,0.999961180122761,0.999961180122761,0.999961180122761,0.9999689440982088,1.552795089558856e-05
0,78.94349527359009,21.570245600281332,59.7127251625061,12.197536007584507,100,0.01,rbf,"{'C': 100, 'gamma': 0.01, 'kernel': 'rbf'}",0.964427970286378,0.9615313619897886,0.9633381138512723,0.9656513113140853,0.9592003573832141,0.9628298229649477,0.0022641666150455798,1,1.0,0.999961180122761,0.999961180122761,0.999961180122761,0.999961180122761,0.9999689440982088,1.552795089558856e-05
